<?xml version="1.0" encoding="UTF-8"?>

<!--
    Document   : BlockingGoodIndexSourceDescriptorB.xml
    Created on : 2023-11-06
    Author     : Salman Khan
    Description: Source Descriptor Capture Run using an Aligned Index
-->

<OysterSourceDescriptor Name="source1">
	<!-- Delimited -->
	<Source Labels="Y" Qual="" Char="|" Type="FileDelim">./BlockingGoodIndex/Input/ListB.txt</Source>
	
	<!-- Items in Source (One for each item in the source including reference identifier -->
	<ReferenceItems>
		<!-- For Delimited -->
		<Item Name="RecID" Attribute="@RefID" Pos="0"/>
		<Item Name="FirstName" Attribute="FirstName" Pos="1"/>
		<Item Name="LastName" Attribute="LastName" Pos="3"/>
		<Item Name="Address" Attribute="Address" Pos="4"/>
		<Item Name="City" Attribute="City" Pos="5"/>
		<Item Name="State" Attribute="State" Pos="6"/>
		<Item Name="Zip" Attribute="Zip" Pos="7"/>
		<Item Name="Phone" Attribute="Phone" Pos="8"/>
	</ReferenceItems>
</OysterSourceDescriptor>